Metric,Value
Accuracy,0.3411
Precision,0.5931434144454195
Recall,0.3411
F1 Score,0.40412206420091024
